年月日,開盤價(元),收盤價(元)
2018/1/2,84.8901,85.8375
2018/1/3,87.1639,86.6902
2018/1/4,88.1114,95.2171
2018/1/5,95.6908,93.9855
2018/1/8,96.1646,92.4696
2018/1/9,92.4696,90.7642
2018/1/10,89.8167,87.0692
2018/1/11,87.0692,86.5007
2018/1/12,87.1639,86.9744
2018/1/15,87.9219,90.3852
2018/1/16,90.4799,92.8485
2018/1/17,91.9011,90.8589
2018/1/18,92.2801,96.6383
2018/1/19,97.5857,99.4806
2018/1/22,101.3754,106.1126
2018/1/23,108.0075,101.8492
2018/1/24,101.3754,102.7966
2018/1/25,108.9549,112.7446
2018/1/26,117.0081,114.1658
2018/1/29,114.6395,122.219
2018/1/30,121.2716,116.0607
2018/1/31,113.2184,111.7972
2018/2/1,113.6921,108.9549
2018/2/2,107.5338,111.3235
2018/2/5,104.2177,103.744
2018/2/6,95.6908,93.417
2018/2/7,97.112,91.8064
2018/2/8,92.1853,94.2697
2018/2/9,90.0062,93.3222
2018/2/12,92.3748,95.6908
2018/2/21,102.3229,105.1652
2018/2/22,106.5863,111.7972
2018/2/23,114.6395,109.4286
2018/2/26,114.1658,111.7972
2018/2/27,113.6921,109.4286
2018/3/1,108.0075,114.6395
2018/3/2,111.7972,112.7446
2018/3/5,113.6921,117.9555
2018/3/6,122.219,129.3247
2018/3/7,127.4299,126.0087
2018/3/8,129.3247,123.1664
2018/3/9,124.1139,121.7453
2018/3/12,133.5882,123.6401
2018/3/13,123.1664,123.1664
2018/3/14,125.0613,126.4824
2018/3/15,126.4824,127.9036
2018/3/16,130.7459,126.4824
2018/3/19,127.4299,128.3773
2018/3/20,127.4299,127.4299
2018/3/21,130.2722,139.7465
2018/3/22,137.3779,127.4299
2018/3/23,119.3767,123.1664
2018/3/26,125.535,125.535
2018/3/27,129.3247,127.9036
2018/3/28,128.3773,125.0613
2018/3/29,127.9036,124.1139
2018/3/30,125.535,113.2184
2018/3/31,114.1658,112.7446
2018/4/2,113.6921,115.5869
2018/4/3,113.6921,113.2184
2018/4/9,114.1658,108.9549
2018/4/10,109.4286,113.2184
2018/4/11,112.2709,114.1658
2018/4/12,114.6395,122.219
2018/4/13,123.1664,126.9562
2018/4/16,127.4299,125.0613
2018/4/17,126.0087,120.7978
2018/4/18,123.1664,118.903
2018/4/19,119.8504,120.7978
2018/4/20,118.4293,123.1664
2018/4/23,124.1139,120.7978
2018/4/24,121.7453,116.5344
2018/4/25,114.6395,116.0607
2018/4/26,117.4818,117.9555
2018/4/27,121.2716,129.3247
2018/4/30,131.6933,129.7985
2018/5/2,130.7459,136.9042
2018/5/3,140.2202,123.6401
2018/5/4,123.6401,125.0613
2018/5/7,127.4299,124.5876
2018/5/8,125.535,126.0087
2018/5/9,127.4299,127.9036
2018/5/10,129.7985,126.9562
2018/5/11,127.9036,123.1664
2018/5/14,119.3767,127.9036
2018/5/15,127.9036,124.1139
2018/5/16,126.9562,125.0613
2018/5/17,127.4299,128.3773
2018/5/18,129.3247,124.5876
2018/5/21,126.4824,128.851
2018/5/22,130.7459,127.9036
2018/5/23,127.9036,130.7459
2018/5/24,132.167,129.7985
2018/5/25,129.7985,131.6933
2018/5/28,133.1145,138.3254
2018/5/29,138.3254,133.5882
2018/5/30,132.6408,131.2196
2018/5/31,134.0619,126.0087
2018/6/1,126.9562,128.851
2018/6/4,131.2196,130.2722
2018/6/5,132.167,135.0093
2018/6/6,138.3254,136.9042
2018/6/7,139.7465,142.1151
2018/6/8,145.9048,156.3266
2018/6/11,156.3266,143.0625
2018/6/12,144.9574,137.8516
2018/6/13,140.6939,136.9042
2018/6/14,139.2728,136.4305
2018/6/15,137.8516,138.7991
2018/6/19,137.3779,136.4305
2018/6/20,137.8516,135.0093
2018/6/21,135.0093,131.2196
2018/6/22,128.851,135.0093
2018/6/25,135.4831,129.3247
2018/6/26,128.3773,126.9562
2018/6/27,127.9036,127.9036
2018/6/28,126.9562,125.0613
2018/6/29,126.4824,127.9036
2018/7/2,128.851,125.0613
2018/7/3,126.9562,130.7459
2018/7/4,132.6408,128.3773
2018/7/5,127.9036,123.1664
2018/7/6,125.535,128.851
2018/7/9,128.3773,129.3247
2018/7/10,131.6933,131.2196
2018/7/11,127.9036,131.6933
2018/7/12,130.7459,132.6408
2018/7/13,135.0093,135.4831
2018/7/16,136.4305,137.8516
2018/7/17,137.8516,133.5882
2018/7/18,135.4831,135.0093
2018/7/19,135.9568,135.9568
2018/7/20,138.3254,137.3779
2018/7/23,136.4305,123.6401
2018/7/24,122.219,127.4299
2018/7/25,126.0087,128.851
2018/7/26,127.9036,125.535
2018/7/27,113.6921,124.5876
2018/7/30,123.6401,117.9555
2018/7/31,117.9555,114.1658
2018/8/1,116.5344,117.4818
2018/8/2,117.9555,115.1132
2018/8/3,116.0607,119.3767
2018/8/6,117.4818,116.5344
2018/8/7,117.4818,117.9555
2018/8/8,118.903,117.9555
2018/8/9,117.9555,115.1132
2018/8/10,114.6395,117.0081
2018/8/13,115.5869,105.6389
2018/8/14,102.7966,103.2703
2018/8/15,103.744,99.0069
2018/8/16,96.6383,98.0594
2018/8/17,100.428,99.0069
2018/8/20,98.0594,95.6908
2018/8/21,96.6383,100.9017
2018/8/22,100.428,99.4806
2018/8/23,101.3754,99.4806
2018/8/24,98.5331,97.112
2018/8/27,99.0069,101.8492
2018/8/28,102.7966,103.744
2018/8/29,107.06,107.06
2018/8/30,107.6052,105.6923
2018/8/31,104.7358,109.04
2018/9/3,108.5617,104.7358
2018/9/4,106.6487,107.6052
2018/9/5,107.6052,109.9965
2018/9/6,108.0835,106.6487
2018/9/7,104.2575,97.5621
2018/9/10,97.5621,87.8059
2018/9/11,86.6581,92.684
2018/9/12,90.9623,88.6667
2018/9/13,89.0493,92.1101
2018/9/14,93.1622,97.0838
2018/9/17,95.6491,97.5621
2018/9/18,96.6056,94.6926
2018/9/19,96.6056,94.31
2018/9/20,87.0407,84.9364
2018/9/21,83.693,87.9972
2018/9/25,85.7016,86.8494
2018/9/26,86.3711,86.0842
2018/9/27,85.9885,85.4146
2018/9/28,86.945,84.7451
2018/10/1,84.7451,85.6059
2018/10/2,85.7972,84.9364
2018/10/3,85.2233,81.78
2018/10/4,81.3017,83.5973
2018/10/5,81.78,75.5628
2018/10/8,74.6063,75.5628
2018/10/9,75.5628,74.1281
2018/10/11,66.9544,66.7631
2018/10/12,65.9979,68.4848
2018/10/15,67.9109,70.4934
2018/10/16,70.2064,70.9716
2018/10/17,72.2151,71.7368
2018/10/18,71.2586,69.4412
2018/10/19,66.7631,68.8674
2018/10/22,67.9109,70.0151
2018/10/23,69.3456,66.4761
2018/10/24,67.1457,67.7196
2018/10/25,63.1284,62.9371
2018/10/26,64.0849,61.2154
2018/10/29,63.511,60.4502
2018/10/30,60.4502,60.2589
2018/10/31,61.4067,66.2848
2018/11/1,67.2413,71.3542
2018/11/2,73.0759,78.4323
2018/11/5,79.5801,76.9975
2018/11/6,76.9975,73.4585
2018/11/7,74.2237,78.1453
2018/11/8,79.7713,75.7541
2018/11/9,75.5628,75.1802
2018/11/12,74.6063,76.1367
2018/11/13,72.6933,75.3715
2018/11/14,75.3715,75.7541
2018/11/15,76.5193,72.3107
2018/11/16,71.5455,68.2935
2018/11/19,68.0065,73.1716
2018/11/20,71.9281,74.6063
2018/11/21,74.5106,74.6063
2018/11/22,75.5628,72.9803
2018/11/23,73.6498,70.0151
2018/11/26,69.7282,71.9281
2018/11/27,71.9281,73.5542
2018/11/28,74.2237,73.0759
2018/11/29,74.5106,77.4758
2018/11/30,79.1018,80.4409
2018/12/3,81.1104,82.8321
2018/12/4,82.2582,79.2931
2018/12/5,76.5193,73.3629
2018/12/6,72.8846,69.4412
2018/12/7,70.3021,69.3456
2018/12/10,66.6674,65.0414
2018/12/11,66.0935,67.8152
2018/12/12,68.963,72.6933
2018/12/13,73.2672,72.0238
2018/12/14,72.2151,71.7368
2018/12/17,71.7368,69.0587
2018/12/18,68.1022,68.1978
2018/12/19,68.8674,67.9109
2018/12/20,66.7631,67.7196
2018/12/21,67.9109,69.3456
2018/12/22,69.2499,67.9109
2018/12/24,68.1978,70.3977
2018/12/25,68.0065,67.1457
2018/12/26,67.9109,65.9979
2018/12/27,67.9109,66.5718
2018/12/28,66.9544,65.9979
2019/1/2,67.2413,66.2848
2019/1/3,66.2848,64.6588
2019/1/4,64.0849,66.3805
2019/1/7,68.6761,66.3805
2019/1/8,66.5718,67.337
2019/1/9,68.5804,69.2499
2019/1/10,68.5804,68.5804
2019/1/11,70.7803,70.3977
2019/1/14,70.7803,68.8674
2019/1/15,69.3456,68.8674
2019/1/16,69.5369,72.0238
2019/1/17,73.7455,71.1629
2019/1/18,72.1194,72.6933
2019/1/21,74.6063,73.6498
2019/1/22,72.9803,71.3542
2019/1/23,71.0673,72.2151
2019/1/24,72.5977,72.3107
2019/1/25,73.4585,74.1281
2019/1/28,75.5628,74.5106
2019/1/29,74.0324,73.2672
2019/1/30,74.1281,73.5542
2019/2/11,74.5106,75.0845
2019/2/12,75.2758,75.5628
2019/2/13,76.1367,77.3801
2019/2/14,77.6671,76.6149
2019/2/15,76.8062,74.8932
2019/2/18,78.241,79.0062
2019/2/19,79.9626,80.0583
2019/2/20,80.4409,80.7278
2019/2/21,81.493,82.4495
2019/2/22,82.7365,83.1191
2019/2/25,84.4582,84.1712
2019/2/26,84.2669,80.6322
2019/2/27,80.8235,82.7365
2019/3/4,82.9278,82.4495
2019/3/5,81.3974,80.8235
2019/3/6,81.3017,81.0148
2019/3/7,81.3017,80.0583
2019/3/8,79.5801,80.9191
2019/3/11,80.8235,81.3017
2019/3/12,82.5452,80.9191
2019/3/13,80.9191,80.3452
2019/3/14,80.4409,78.8149
2019/3/15,79.0062,80.1539
2019/3/18,76.1367,74.9889
2019/3/19,75.2758,72.9803
2019/3/20,73.0759,73.1716
2019/3/21,73.5542,73.1716
2019/3/22,73.9368,73.2672
2019/3/25,71.5455,71.6412
2019/3/26,72.1194,71.5455
2019/3/27,71.5455,72.2151
2019/3/28,72.2151,70.9716
2019/3/29,71.2586,71.1629
2019/4/1,71.2586,72.0238
2019/4/2,72.502,74.8932
2019/4/3,76.1367,75.0845
2019/4/8,76.1367,75.2758
2019/4/9,75.8497,74.7019
2019/4/10,74.2237,73.3629
2019/4/11,76.6149,75.7541
2019/4/12,75.7541,74.0324
2019/4/15,74.6063,74.5106
2019/4/16,74.7976,73.5542
2019/4/17,74.2237,74.6063
2019/4/18,75.8497,74.415
2019/4/19,75.9454,81.78
2019/4/22,84.6495,80.1539
2019/4/23,80.6322,82.4495
2019/4/24,83.2147,82.7365
2019/4/25,82.7365,83.2147
2019/4/26,82.1626,79.1018
2019/4/29,79.3888,77.954
2019/4/30,77.8584,77.5714
2019/5/2,77.2845,77.7627
2019/5/3,79.0062,83.2147
2019/5/6,77.954,78.7192
2019/5/7,79.4844,78.4323
2019/5/8,77.3801,77.8584
2019/5/9,77.7627,74.415
2019/5/10,75.1802,75.3715
2019/5/13,75.9454,75.7541
2019/5/14,74.9889,76.8062
2019/5/15,77.4758,76.2323
2019/5/16,76.6149,76.9019
2019/5/17,78.241,75.3715
2019/5/20,76.1367,72.3107
2019/5/21,71.7368,73.5542
2019/5/22,73.8411,73.9368
2019/5/23,73.9368,76.6149
2019/5/24,76.5193,76.9019
2019/5/27,77.4758,79.1975
2019/5/28,79.867,81.8756
2019/5/29,82.4495,82.1626
2019/5/30,82.2582,83.5017
2019/5/31,82.6408,82.5452
2019/6/3,82.5452,82.2582
2019/6/4,82.2582,79.867
2019/6/5,81.3017,79.7713
2019/6/6,79.7713,78.8149
2019/6/10,79.0062,81.6843
2019/6/11,81.6843,81.3017
2019/6/12,82.6408,87.9015
2019/6/13,87.0407,86.6581
2019/6/14,87.6146,82.7365
2019/6/17,82.0669,82.4495
2019/6/18,82.9278,82.2582
2019/6/19,83.406,82.5452
2019/6/20,83.3104,86.0842
2019/6/21,87.9972,91.9188
2019/6/24,93.7361,93.2579
2019/6/25,93.9274,90.771
2019/6/26,91.8231,92.1101
2019/6/27,92.7796,91.7275
2019/6/28,92.0144,88.5711
2019/7/1,90.3884,91.0579
2019/7/2,90.5797,92.5883
2019/7/3,92.8753,89.9102
2019/7/4,90.8666,89.6232
2019/7/5,90.484,89.6232
2019/7/8,88.858,89.9102
2019/7/9,89.9102,91.8231
2019/7/10,92.5883,93.9274
2019/7/11,92.9709,89.9102
2019/7/12,89.9102,86.0842
2019/7/15,85.6059,86.5624
2019/7/16,86.5624,84.1712
2019/7/17,83.693,85.4146
2019/7/18,85.4146,85.7016
2019/7/19,86.945,88.9537
2019/7/22,89.4319,92.0144
2019/7/23,92.3014,92.684
2019/7/24,93.7361,97.5621
2019/7/25,98.5186,97.5621
2019/7/26,96.6056,99.9533
2019/7/29,101.8663,98.5186
2019/7/30,98.5186,95.6491
2019/7/31,96.1273,96.6056
2019/8/1,95.6491,97.0838
2019/8/2,95.6491,96.6056
2019/8/5,98.0403,96.6056
2019/8/6,93.8317,95.4578
2019/8/7,96.1273,92.9709
2019/8/8,94.023,95.6491
2019/8/12,95.6491,105.214
2019/8/13,105.214,100.4315
2019/8/14,102.8228,97.5621
2019/8/15,94.9795,97.5621
2019/8/16,98.5185,99.9533
2019/8/19,101.8663,109.5182
2019/8/20,110.9529,106.1705
2019/8/21,108.5617,112.8659
2019/8/22,116.7812,124.0498
2019/8/23,125.9881,125.9881
2019/8/26,122.5961,127.9263
2019/8/27,131.3183,128.4109
2019/8/28,126.9572,126.9572
2019/8/29,130.3492,130.8338
2019/8/30,129.8646,132.772
2019/9/2,132.772,127.4418
2019/9/3,127.4418,127.4418
2019/9/4,127.9263,122.5961
2019/9/5,124.0498,121.1424
2019/9/6,122.5961,124.0498
2019/9/9,125.0189,123.0807
2019/9/10,122.5961,124.0498
2019/9/11,124.0498,129.3801
2019/9/12,130.3492,128.4109
2019/9/16,127.4418,129.8646
2019/9/17,129.3801,132.772
2019/9/18,132.772,133.2566
2019/9/19,135.6795,146.34
2019/9/20,149.2474,158.9388
2019/9/23,156.5159,158.9388
2019/9/24,157.9697,153.6085
2019/9/25,153.6085,153.6085
2019/9/26,154.0931,151.6703
2019/9/27,152.1548,154.5777
2019/10/1,154.5777,148.2783
2019/10/2,145.8554,150.2165
2019/10/3,146.8246,150.7011
2019/10/4,152.1548,165.7228
2019/10/7,166.2073,165.2382
2019/10/8,165.2382,168.1456
2019/10/9,166.6919,166.2073
2019/10/14,169.1148,174.445
2019/10/15,176.3833,169.5993
2019/10/16,171.5376,166.6919
2019/10/17,167.1765,169.5993
2019/10/18,170.5685,176.3833
2019/10/21,176.3833,172.9913
2019/10/22,173.4759,178.8061
2019/10/23,178.3216,177.837
2019/10/24,178.3216,183.1673
2019/10/25,184.1364,180.7444
2019/10/28,185.5901,185.5901
2019/10/29,188.013,182.1981
2019/10/30,183.6518,187.0438
2019/10/31,188.013,180.7444
2019/11/1,180.7444,190.9204
2019/11/4,193.3432,188.013
2019/11/5,188.9821,188.013
2019/11/6,188.013,188.013
2019/11/7,188.013,179.7753
2019/11/8,184.621,197.7044
2019/11/11,204.9729,196.7352
2019/11/12,199.1581,204.4883
2019/11/13,201.5809,207.8803
2019/11/14,204.9729,206.9112
2019/11/15,209.334,227.2631
2019/11/18,230.6551,229.6859
2019/11/19,227.2631,219.0254
2019/11/20,220.4791,211.2723
2019/11/21,204.4883,213.2106
2019/11/22,211.7569,199.6426
2019/11/25,200.1272,207.3957
2019/11/26,207.3957,213.6951
2019/11/27,211.2723,210.3032
2019/11/28,209.334,215.1489
2019/11/29,217.0871,212.2414
2019/12/2,213.2106,202.5501
2019/12/3,198.6735,207.3957
2019/12/4,206.4266,204.9729
2019/12/5,205.4575,210.3032
2019/12/6,210.3032,231.1397
2019/12/9,232.5934,224.3557
2019/12/10,227.2631,237.4391
2019/12/11,237.4391,236.4699
2019/12/12,240.3465,231.1397
2019/12/13,233.5625,225.3248
2019/12/16,225.8094,230.1705
2019/12/17,229.6859,226.294
2019/12/18,229.6859,222.902
2019/12/19,222.902,228.2322
2019/12/20,226.7785,223.8711
2019/12/23,225.8094,216.118
2019/12/24,218.5408,213.6951
2019/12/25,215.1489,219.9946
2019/12/26,219.51,214.1797
2019/12/27,216.6026,229.2014
2019/12/30,229.2014,224.8402
2019/12/31,224.8402,227.2631
2020/1/2,228.7168,233.5625
2020/1/3,238.4082,221.9328
2020/1/6,220.9637,223.8711
2020/1/7,225.8094,215.1489
2020/1/8,211.2723,210.3032
2020/1/9,214.1797,215.1489
2020/1/10,216.118,220.9637
2020/1/13,230.1705,235.0162
2020/1/14,238.4082,236.4699
2020/1/15,237.4391,236.9545
2020/1/16,237.4391,255.3681
2020/1/17,255.8527,247.1304
2020/1/20,248.0996,245.1922
2020/1/30,227.7477,228.7168
2020/1/31,238.4082,223.3865
2020/2/3,208.3649,221.4483
2020/2/4,224.8402,223.8711
2020/2/5,224.8402,213.6951
2020/2/6,217.0871,212.2414
2020/2/7,210.3032,191.8895
2020/2/10,186.5593,199.6426
2020/2/11,203.0346,217.0871
2020/2/12,216.118,221.9328
2020/2/13,223.3865,223.3865
2020/2/14,223.8711,219.51
2020/2/17,215.6334,206.4266
2020/2/18,204.4883,201.5809
2020/2/19,204.9729,209.8186
2020/2/20,211.2723,217.0871
2020/2/21,217.0871,213.2106
2020/2/24,208.8495,210.7877
2020/2/25,206.4266,218.0563
2020/2/26,214.6643,215.6334
2020/2/27,219.0254,211.2723
2020/3/2,205.942,209.334
2020/3/3,216.6026,221.9328
2020/3/4,223.8711,229.6859
2020/3/5,233.5625,227.7477
2020/3/6,225.3248,232.5934
2020/3/9,227.7477,209.334
2020/3/10,207.3957,226.7785
2020/3/11,229.2014,210.3032
2020/3/12,209.334,190.4358
2020/3/13,175.8987,183.6518
2020/3/16,185.1055,167.661
2020/3/17,159.9079,166.6919
2020/3/18,171.5376,159.9079
2020/3/19,157.0005,143.9171
2020/3/20,151.1857,156.5159
2020/3/23,148.7628,155.0622
2020/3/24,166.6919,170.5685
2020/3/25,183.6518,186.5593
2020/3/26,186.5593,191.405
2020/3/27,197.7044,190.4358
2020/3/30,184.621,193.8278
2020/3/31,198.1889,190.9204
2020/4/1,190.4358,196.2506
2020/4/6,199.6426,202.0655
2020/4/7,207.3957,209.334
2020/4/8,211.2723,209.334
2020/4/9,212.2414,203.5192
2020/4/10,205.4575,205.942
2020/4/13,206.9112,203.0346
2020/4/14,207.3957,209.334
2020/4/15,211.7569,215.1489
2020/4/16,211.7569,225.3248
2020/4/17,234.0471,230.6551
2020/4/20,229.6859,233.5625
2020/4/21,229.6859,237.4391
2020/4/22,236.4699,235.9853
2020/4/23,237.4391,231.1397
2020/4/24,232.5934,233.5625
2020/4/27,234.0471,246.6459
2020/4/28,248.0996,260.6984
2020/4/29,260.2138,266.5132
2020/4/30,268.9361,284.9269
2020/5/4,276.2046,279.112
2020/5/5,284.9269,261.183
2020/5/6,262.6367,262.1521
2020/5/7,263.1212,262.6367
2020/5/8,266.5132,264.0904
2020/5/11,265.5441,271.3589
2020/5/12,269.9052,263.6058
2020/5/13,264.0904,265.0595
2020/5/14,265.0595,265.5441
2020/5/15,271.3589,288.3189
2020/5/18,292.68,285.896
2020/5/19,295.1028,299.464
2020/5/20,301.4022,287.3497
2020/5/21,290.7417,296.072
2020/5/22,293.1645,283.9577
2020/5/25,283.9577,281.0503
2020/5/26,287.3497,285.896
2020/5/27,288.8034,279.112
2020/5/28,282.504,282.504
2020/5/29,282.504,290.7417
2020/6/1,293.1645,294.1337
2020/6/2,297.5257,289.288
2020/6/3,293.6491,317.8776
2020/6/4,322.7233,329.9918
2020/6/5,334.353,334.353
2020/6/8,342.1061,335.3221
2020/6/9,338.7141,346.9518
2020/6/10,344.0443,341.1369
2020/6/11,344.5289,340.1678
2020/6/12,330.4764,349.8592
2020/6/15,347.9209,331.9301
2020/6/16,339.1987,346.9518
2020/6/17,350.8283,355.1894
2020/6/18,356.1586,374.0877
2020/6/19,376.0259,383.2945
2020/6/22,383.779,421.5755
2020/6/23,454.5262,463.733
2020/6/24,475.8472,509.7671
2020/6/29,504.9214,490.3843
2020/6/30,497.1683,484.5695
2020/7/1,486.5078,494.2609
2020/7/2,499.1066,528.1808
2020/7/3,533.0265,519.4585
2020/7/6,541.7487,543.687
2020/7/7,555.3166,531.0882
2020/7/8,535.9339,557.2549
2020/7/9,565.008,548.5327
2020/7/10,555.3166,505.8906
2020/7/13,527.2116,537.8721
2020/7/14,513.6437,520.4276
2020/7/15,534.9647,488.4461
2020/7/16,485.5386,474.8781
2020/7/17,484.5695,465.1867
2020/7/20,469.0633,457.4336
2020/7/21,478.7547,502.9831
2020/7/22,531.0882,533.0265
2020/7/23,538.8413,562.1006
2020/7/24,558.2241,512.6745
2020/7/27,531.0882,540.7796
2020/7/28,562.1006,519.4585
2020/7/29,514.6128,546.5944
2020/7/30,549.5018,547.5635
2020/7/31,540.7795,580.5142
2020/8/3,608.6192,596.0204
2020/8/4,610.5575,645.4465
2020/8/5,652.2304,645.4465
2020/8/6,648.3539,669.6749
2020/8/7,663.8601,649.323
2020/8/10,645.4465,653.1996
2020/8/11,651.2613,634.7859
2020/8/12,628.002,591.1747
2020/8/13,608.6192,616.3723
2020/8/14,611.5266,640.6008
2020/8/17,654.1687,625.0946
2020/8/18,630.9094,616.3723
2020/8/19,626.0637,623.1563
2020/8/20,615.8094,579.7573
2020/8/21,603.1425,586.578
2020/8/24,587.5523,588.5267
2020/8/25,595.3474,581.7061
2020/8/26,575.8598,580.7317
2020/8/27,585.6036,559.2953
2020/8/28,551.5002,538.8332
2020/8/31,546.6283,513.4993
2020/9/1,513.4993,527.1407
2020/9/2,535.9101,515.4481
2020/9/3,522.2688,566.1159
2020/9/4,548.5771,529.0894
2020/9/7,529.0894,476.4728
2020/9/8,466.729,430.1897
2020/9/9,428.7281,390.24
2020/9/10,400.471,404.3685
2020/9/11,407.2917,400.471
2020/9/14,404.8557,440.4207
2020/9/15,442.3694,446.267
2020/9/16,453.5748,490.1141
2020/9/17,496.9348,503.7555
2020/9/18,511.5506,505.7043
2020/9/21,507.653,504.7299
2020/9/22,501.8067,506.6786
2020/9/23,514.4737,514.4737
2020/9/24,499.858,521.2944
2020/9/25,532.0126,471.1137
2020/9/28,472.5753,448.2157
2020/9/29,460.3955,458.9339
2020/9/30,456.0108,475.0112
2020/10/5,473.5497,461.8571
2020/10/6,471.6009,477.9344
2020/10/7,471.6009,491.0885
2020/10/8,494.0117,501.8067
2020/10/12,510.5762,504.7299
2020/10/13,509.6018,526.1663
2020/10/14,526.1663,521.2944
2020/10/15,529.0894,533.9613
2020/10/16,535.9101,487.191
2020/10/19,487.191,477.4472
2020/10/20,482.3191,494.0117
2020/10/21,497.9092,509.6018
2020/10/22,504.7299,506.6786
2020/10/23,506.6786,514.4737
2020/10/26,514.4737,478.9088
2020/10/27,471.6009,494.0117
2020/10/28,489.1398,477.4472
2020/10/29,466.2418,487.191
2020/10/30,486.7038,472.0881
2020/11/2,467.7034,448.2157
2020/11/3,460.3955,468.1906
2020/11/4,474.0368,468.6777
2020/11/5,470.1393,514.4737
2020/11/6,516.4225,565.1416
2020/11/9,599.2449,579.7573
2020/11/10,581.7061,569.0391
2020/11/11,570.0135,572.9366
2020/11/12,577.8085,557.3465
2020/11/13,565.1416,558.3209
2020/11/16,570.9879,572.9366
2020/11/17,590.4755,587.5523
2020/11/18,597.2962,597.2962
2020/11/19,605.0912,588.5267
2020/11/20,593.3986,614.835
2020/11/23,624.5789,645.0409
2020/11/24,657.7079,635.2971
2020/11/25,646.0153,613.8607
2020/11/26,618.7326,618.7326
2020/11/27,614.835,618.7326
2020/11/30,617.7582,650.8872
2020/12/1,650.8872,628.4764
2020/12/2,637.2458,610.9375
2020/12/3,610.9375,617.7582
2020/12/4,617.7582,588.5267
2020/12/7,593.3986,594.373
2020/12/8,590.4755,601.1937
2020/12/9,604.1168,604.1168
2020/12/10,599.2449,610.9375
2020/12/11,616.7838,582.6804
2020/12/14,585.6036,590.4755
2020/12/15,594.373,572.9366
2020/12/16,582.6804,600.2193
2020/12/17,608.9888,597.2962
2020/12/18,604.1168,613.8607
2020/12/21,613.8607,625.5532
2020/12/22,616.7838,590.4755
2020/12/23,595.3474,590.4755
2020/12/24,596.3218,601.1937
2020/12/25,606.0656,593.3986
2020/12/28,598.2705,591.4499
2020/12/29,594.373,592.4243
2020/12/30,594.373,601.1937
2020/12/31,608.9888,605.0912
2021/1/4,610.9375,665.5029
2021/1/5,665.5029,707.4013
2021/1/6,722.9914,711.2989
2021/1/7,730.7865,777.5568
2021/1/8,787.3007,779.5056
2021/1/11,776.5825,806.7883
2021/1/12,804.8395,753.1973
2021/1/13,763.9155,755.1461
2021/1/14,755.1461,732.7353
2021/1/15,760.018,774.6337
2021/1/18,779.5056,788.275
2021/1/19,788.275,825.3016
2021/1/20,844.7892,799.9676
2021/1/21,813.609,872.0719
2021/1/22,851.6099,891.5595
2021/1/25,916.8935,872.0719
2021/1/26,867.2,804.8395
2021/1/27,823.3528,818.4809
2021/1/28,794.1213,840.8917
2021/1/29,849.6611,803.8652
2021/2/1,803.8652,814.5834
2021/2/2,822.3784,804.8395
2021/2/3,822.3784,797.0445
2021/2/4,790.2238,764.8899
2021/2/5,760.018,785.3519
2021/2/17,847.7123,863.3025
2021/2/18,911.0472,949.0481
2021/2/19,958.7919,891.5595
2021/2/22,912.9959,896.4314
2021/2/23,884.7389,901.3034
2021/2/24,896.4314,858.4305
2021/2/25,881.8157,887.662
2021/2/26,863.3025,862.3281
2021/3/2,888.6364,854.533
2021/3/3,865.2512,826.2759
2021/3/4,822.3784,811.6602
2021/3/5,795.0957,808.7371
2021/3/8,847.7123,808.7371
2021/3/9,808.7371,823.3528
2021/3/10,837.9685,808.7371
2021/3/11,815.5577,889.6108
2021/3/12,899.3546,897.4058
2021/3/15,911.0472,912.0216
2021/3/16,912.0216,890.5851
2021/3/17,896.4314,923.7141
2021/3/18,954.8944,925.6629
2021/3/19,914.9447,908.124
2021/3/22,904.2265,868.1744
2021/3/23,857.4562,856.4818
2021/3/24,848.6867,852.5843
2021/3/25,858.4305,872.0719
2021/3/26,884.7389,909.0984
2021/3/29,901.3034,879.8669
2021/3/30,888.6364,872.0719
2021/3/31,874.0207,876.9438
2021/4/1,891.5595,892.5339
2021/4/6,904.2265,886.6876
2021/4/7,897.4058,896.4314
2021/4/8,890.5851,878.8926
2021/4/9,791.1982,791.1982
2021/4/12,712.2732,712.2732
2021/4/13,641.1434,641.1434
2021/4/14,577.8085,577.8085
2021/4/15,520.32,520.32
2021/4/16,501.8067,506.6786
2021/4/19,506.6786,474.524
2021/4/20,484.2679,488.1654
2021/4/21,494.9861,477.4472
2021/4/22,483.2935,430.6768
2021/4/23,430.1897,399.4966
2021/4/26,402.4198,407.7789
2021/4/27,418.9843,448.2157
2021/4/28,450.1645,493.0373
2021/4/29,501.8067,484.2679
2021/5/3,475.4984,436.0359
2021/5/4,436.0359,409.2404
2021/5/5,437.4975,393.1631
2021/5/6,404.3685,354.1879
2021/5/7,361.4957,389.2656
2021/5/10,391.7016,421.9074
2021/5/11,419.9586,427.7537
2021/5/12,442.3694,470.1393
2021/5/13,472.5753,441.8822
2021/5/14,465.7546,437.0103
2021/5/17,417.0355,405.3429
2021/5/18,425.3177,442.8566
2021/5/19,438.4719,428.7281
2021/5/20,422.8818,402.907
2021/5/21,413.6252,442.8566
2021/5/24,452.6004,467.7034
2021/5/25,475.0112,495.9604
2021/5/26,502.7811,477.4472
2021/5/27,471.6009,486.2166
2021/5/28,497.9092,516.4225
2021/5/31,526.1663,568.0647
2021/6/1,594.373,555.3977
2021/6/2,563.1928,543.7052
2021/6/3,553.449,552.4746
2021/6/4,550.5258,558.3209
2021/6/7,568.0647,553.449
2021/6/8,559.2953,551.5002
2021/6/9,549.5514,512.5249
2021/6/10,519.3456,524.2175
2021/6/11,529.0894,512.5249
2021/6/15,522.2688,563.1928
2021/6/16,563.1928,535.9101
2021/6/17,528.115,547.6027
2021/6/18,550.5258,572.9366
2021/6/21,575.8598,566.1159
2021/6/22,583.6548,570.9879
2021/6/23,582.6804,618.7326
2021/6/24,623.6045,621.6557
2021/6/25,629.4508,622.6301
2021/6/28,637.2458,607.04
2021/6/29,612.8863,601.1937
2021/6/30,608.9888,595.3474
2021/7/1,599.2449,597.2962
2021/7/2,600.2193,612.8863
2021/7/5,618.7326,625.5532
2021/7/6,624.5789,612.8863
2021/7/7,608.0144,596.3218
2021/7/8,603.1425,615.8094
2021/7/9,603.1425,613.8607
2021/7/12,625.5532,627.502
2021/7/13,633.3483,605.0912
2021/7/14,609.9631,609.9631
2021/7/15,613.8607,670.3748
2021/7/16,663.5541,670.3748
2021/7/19,671.3492,658.6822
2021/7/20,653.8103,630.4252
2021/7/21,644.0665,654.7847
2021/7/22,669.4004,680.1186
2021/7/23,680.1186,659.6566
2021/7/26,669.4004,665.5029
2021/7/27,671.3492,662.5798
2021/7/28,652.8359,628.4764
2021/7/29,638.2202,647.964
2021/7/30,646.0153,616.7838
2021/8/2,623.6045,604.1168
2021/8/3,605.0912,606.0656
2021/8/4,610.9375,604.1168
2021/8/5,608.9888,592.4243
2021/8/6,590.4755,556.3721
2021/8/9,553.449,560.2697
2021/8/10,561.244,559.2953
2021/8/11,559.2953,560.2697
2021/8/12,568.0647,586.578
2021/8/13,589.5011,578.7829
2021/8/16,565.1416,554.4234
2021/8/17,559.2953,558.3209
2021/8/18,556.3721,561.244
2021/8/19,551.5002,538.8332
2021/8/20,546.6283,570.9879
2021/8/23,596.3218,627.502
2021/8/24,633.3483,637.2458
2021/8/25,633.3483,671.3492
2021/8/26,662.5798,635.2971
2021/8/27,623.6045,648.9384
2021/8/30,654.7847,655.7591
2021/8/31,654.7849,681.0932
2021/9/1,674.2726,718.1198
2021/9/2,725.9148,711.2991
2021/9/3,725.9148,701.5553
2021/9/6,709.3503,732.7355
2021/9/7,744.4281,744.4281
2021/9/8,774.6339,760.9926
2021/9/9,769.5332,732.1867
2021/9/10,750.86,804.914
2021/9/13,806.8796,788.2064
2021/9/14,798.0344,786.2408
2021/9/15,791.1548,812.7764
2021/9/16,823.5872,825.5528
2021/9/17,818.6732,832.4324
2021/9/22,808.8452,842.2605
2021/9/23,869.7789,882.5553
2021/9/24,876.6585,879.6069
2021/9/27,879.6069,886.4865
2021/9/28,882.5553,883.5381
2021/9/29,858.9681,829.484
2021/9/30,839.3121,912.0393
2021/10/1,912.0393,874.6929
2021/10/4,884.5209,787.2236
2021/10/5,758.7224,852.0885
2021/10/6,861.9165,861.9165
2021/10/7,878.6241,913.0221
2021/10/8,928.7469,921.8673
2021/10/12,908.1081,872.7273
2021/10/13,890.4177,872.7273
2021/10/14,892.3833,874.6929
2021/10/15,901.2285,872.7273
2021/10/18,878.6241,915.9705
2021/10/19,918.9189,904.1769
2021/10/20,914.0049,899.2629
2021/10/21,898.2801,966.0934
2021/10/22,972.973,978.8698
2021/10/25,969.0418,961.1794
2021/10/26,977.887,969.0418
2021/10/27,977.887,1031.9411
2021/10/28,1022.113,971.9902
2021/10/29,987.715,1012.285
2021/11/1,1061.4251,1110.5651
2021/11/2,1130.2212,1149.8772
2021/11/3,1130.2212,1184.2752
2021/11/4,1199.0172,1140.0492
2021/11/5,1159.7052,1213.7592
2021/11/8,1203.9312,1179.3612
2021/11/9,1189.1892,1169.5332
2021/11/10,1179.3612,1199.0172
2021/11/11,1184.2752,1199.0172
2021/11/12,1213.7592,1243.2433
2021/11/15,1267.8133,1213.7592
2021/11/16,1228.5013,1199.0172
2021/11/17,1184.2752,1169.5332
2021/11/18,1174.4472,1154.7912
2021/11/19,1179.3612,1140.0492
2021/11/22,1159.7052,1125.3071
2021/11/23,1135.1352,1095.8231
2021/11/24,1100.7371,1076.1671
2021/11/25,969.0418,969.0418
2021/11/26,874.6929,924.8157
2021/11/29,924.8157,992.629
2021/11/30,1027.027,1002.457
2021/12/1,982.801,972.973
2021/12/2,982.801,997.543
2021/12/3,1002.457,1027.027
2021/12/6,1022.113,987.715
2021/12/7,992.629,987.715
2021/12/8,1017.199,973.9558
2021/12/9,992.629,975.9214
2021/12/10,971.9902,962.1622
2021/12/13,972.973,997.543
2021/12/14,997.543,913.0221
2021/12/15,914.0049,967.0762
2021/12/16,981.8182,938.575
2021/12/17,931.6953,944.4718
2021/12/20,945.4546,951.3514
2021/12/21,954.2998,964.1278
2021/12/22,964.1278,992.629
2021/12/23,997.543,1002.457
2021/12/24,1031.9411,973.9558
2021/12/27,978.8698,1007.371
2021/12/28,1007.371,976.9042
2021/12/29,982.801,972.973
2021/12/30,982.801,1002.457
2022/1/3,1007.371,981.8182
2022/1/4,982.801,962.1622
2022/1/5,963.145,965.1106
2022/1/6,946.4374,927.7641
2022/1/7,933.661,914.9877
2022/1/10,909.0909,948.403
2022/1/11,933.661,882.5553
2022/1/12,919.9017,909.0909
2022/1/13,911.0565,914.0049
2022/1/14,907.1253,900.2457
2022/1/17,901.2285,926.7813
2022/1/18,931.6953,951.3514
2022/1/19,934.6438,912.0393
2022/1/20,917.9361,959.2138
2022/1/21,935.6266,905.1597
2022/1/24,906.1425,895.3317
2022/1/25,895.3317,883.5381
2022/1/26,892.3833,918.9189
2022/2/7,894.3489,933.661
2022/2/8,935.6266,963.145
2022/2/9,972.973,1056.5111
2022/2/10,1076.1671,1081.0811
2022/2/11,1071.2531,1140.0492
2022/2/14,1110.5651,1066.3391
2022/2/15,1066.3391,1041.7691
2022/2/16,1081.0811,1144.9632
2022/2/17,1144.9632,1135.1352
2022/2/18,1105.6511,1130.2212
2022/2/21,1130.2212,1105.6511
2022/2/22,1085.9951,1051.5971
2022/2/23,1071.2531,1051.5971
2022/2/24,1022.113,1036.8551
2022/2/25,1066.3391,1056.5111
2022/3/1,1076.1671,1120.3931
2022/3/2,1115.4791,1154.7912
2022/3/3,1174.4472,1169.5332
2022/3/4,1159.7052,1199.0172
2022/3/7,1154.7912,1081.0811
2022/3/8,1027.027,1012.285
2022/3/9,1056.5111,966.0934
2022/3/10,1007.371,1061.4251
2022/3/11,1056.5111,1071.2531
2022/3/14,1085.9951,1061.4251
2022/3/15,1046.6831,955.2826
2022/3/16,966.0934,892.3833
2022/3/17,962.1622,969.0418
2022/3/18,969.0418,904.1769
2022/3/21,912.0393,931.6953
2022/3/22,933.661,953.317
2022/3/23,971.0074,987.715
2022/3/24,979.8526,1017.199
2022/3/25,1031.9411,1046.6831
2022/3/28,1017.199,1066.3391
2022/3/29,1066.3391,1076.1671
2022/3/30,1095.8231,1071.2531
2022/3/31,1066.3391,1081.0811
2022/4/1,1061.4251,1090.9091
2022/4/6,1090.9091,1081.0811
2022/4/7,1105.6511,1041.7691
2022/4/8,1061.4251,982.801
2022/4/11,969.0418,937.5922
2022/4/12,932.6781,904.1769
2022/4/13,929.7297,967.0762
2022/4/14,978.8698,964.1278
2022/4/15,951.3514,909.0909
2022/4/18,901.2285,924.8157
2022/4/19,939.5578,943.489
2022/4/20,962.1622,943.489
2022/4/21,956.2654,922.8501
2022/4/22,906.1425,844.2261
2022/4/25,794.1032,806.8796
2022/4/26,839.3121,787.2236
2022/4/27,745.946,834.398
2022/4/28,818.6732,847.1745
2022/4/29,865.8477,870.7617
2022/5/3,876.6585,931.6953
2022/5/4,936.6094,906.1425
2022/5/5,943.489,928.7469
2022/5/6,882.5553,855.0369
2022/5/9,842.2605,851.1057
2022/5/10,826.5356,890.4177
2022/5/11,884.5209,906.1425
2022/5/12,899.2629,921.8673
2022/5/13,930.7125,895.3317
2022/5/16,914.0049,882.5553
2022/5/17,898.2801,932.6781
2022/5/18,945.4546,932.6781
2022/5/19,905.1597,945.4546
2022/5/20,945.4546,933.661
2022/5/23,951.3514,926.7813
2022/5/24,936.6094,886.4865
2022/5/25,890.4177,877.6413
2022/5/26,886.4865,813.7592
2022/5/27,832.4324,838.3293
2022/5/30,863.8821,911.0565
2022/5/31,911.0565,918.9189
2022/6/1,913.0221,908.1081
2022/6/2,901.2285,862.8993
2022/6/6,870.7617,853.0713
2022/6/7,856.0197,862.8993
2022/6/8,872.7273,849.1401
2022/6/9,846.1917,820.6388
2022/6/10,796.0688,832.4324
2022/6/13,808.8452,804.914
2022/6/14,800.9828,789.1892
2022/6/15,796.0688,775.43
2022/6/16,803.9312,750.86
2022/6/17,746.9288,723.3415
2022/6/20,730.2211,695.8231
2022/6/21,712.5307,696.8059
2022/6/22,698.7715,655.5283
2022/6/23,663.3907,679.1155
2022/6/24,686.9779,700.7371
2022/6/27,720.3931,741.032
2022/6/28,741.032,708.5995
2022/6/29,695.8231,718.4275
2022/6/30,712.5307,682.0639
2022/7/1,685.9951,628.0098
2022/7/4,635.8722,651.5971
2022/7/5,667.3219,622.113
2022/7/6,621.1302,597.543
2022/7/7,612.285,642.7519
2022/7/8,652.5799,626.0442
2022/7/11,630.9582,598.5258
2022/7/12,592.629,558.231
2022/7/13,589.6806,552.3342
2022/7/14,549.3858,574.9386
2022/7/15,570.0246,589.6806
2022/7/18,596.5602,643.7347
2022/7/19,633.9066,625.0614
2022/7/20,648.6487,649.6315
2022/7/21,663.3907,679.1155
2022/7/22,687.9607,666.3391
2022/7/25,658.4767,665.3563
2022/7/26,658.4767,653.5627
2022/7/27,656.5111,669.2875
2022/7/28,683.0467,664.3735
2022/7/29,678.1327,693.8575
2022/8/1,685.9951,646.6831
2022/8/2,631.941,657.4939
2022/8/3,652.5799,666.3391
2022/8/4,662.4079,627.027
2022/8/5,636.855,629.9754
2022/8/8,624.0786,617.199
2022/8/9,614.2506,625.0614
2022/8/10,611.3022,607.371
2022/8/11,627.027,655.5283
2022/8/12,660.4423,708.5995
2022/8/15,720.3931,756.7568
2022/8/16,750.86,772.4816
2022/8/17,765.602,756.7568
2022/8/18,751.8428,790.172
2022/8/19,793.1204,781.3268
2022/8/22,768.5504,751.8428
2022/8/23,742.9976,766.5848
2022/8/24,776.4128,779.3612
2022/8/25,791.1548,826.5356
2022/8/26,848.1573,813.7592
2022/8/29,779.3612,857.9853
2022/8/30,865.8477,851.1057
2022/8/31,848.1572,842.2604
2022/9/1,832.4324,840.2948
2022/9/2,850.1228,909.0908
2022/9/5,917.9361,855.0368
2022/9/6,866.8304,831.4496
2022/9/7,827.5184,831.4496
2022/9/8,847.1744,880.5896
2022/9/12,918.9189,942.5061
2022/9/13,950.3685,922.8501
2022/9/14,895.3316,936.6093
2022/9/15,947.4201,927.7641
2022/9/16,939.0648,903.253
2022/9/19,914.1955,895.2948
2022/9/20,912.2059,904.2477
2022/9/21,901.2634,895.2948
2022/9/22,892.3105,945.0334
2022/9/23,939.0648,909.2216
2022/9/26,892.3105,861.4726
2022/9/27,876.3941,860.4778
2022/9/28,864.4569,805.7653
2022/9/29,837.598,818.6974
2022/9/30,797.8071,862.4673
2022/10/3,845.5562,852.5196
2022/10/4,883.3575,896.2896
2022/10/5,910.2164,833.6189
2022/10/6,858.4882,903.253
2022/10/7,911.2112,914.1955
2022/10/11,823.6712,823.6712
2022/10/12,744.0895,742.0999
2022/10/13,741.1051,677.4397
2022/10/14,721.2097,666.4972
2022/10/17,646.6018,687.3875
2022/10/18,698.3299,667.492
2022/10/19,676.445,688.3822
2022/10/20,652.5704,669.4816
2022/10/21,669.4816,616.7586
2022/10/24,632.675,593.8789
2022/10/25,593.8789,576.9678
2022/10/26,580.9468,579.9521
2022/10/27,590.8946,615.7639
2022/10/28,605.8161,622.7273
2022/10/31,641.6279,645.607
2022/11/1,641.6279,672.4659
2022/11/2,673.4606,674.4554
2022/11/3,661.5234,697.3352
2022/11/4,691.3665,721.2097
2022/11/7,746.079,792.8333
2022/11/8,796.8124,773.9326
2022/11/9,784.8751,785.8699
2022/11/10,779.9012,795.8176
2022/11/11,850.5301,818.6974
2022/11/14,824.666,825.6608
2022/11/15,832.6242,838.5928
2022/11/16,843.5667,855.5039
2022/11/17,860.4778,877.3889
2022/11/18,881.368,870.4255
2022/11/21,880.3732,885.3471
2022/11/22,898.2791,857.4935
2022/11/23,874.4046,874.4046
2022/11/24,885.3471,911.2112
2022/11/25,911.2112,878.3837
2022/11/28,872.415,885.3471
2022/11/29,888.3314,897.2843
2022/11/30,903.253,922.1536
2022/12/1,947.0229,890.3209
2022/12/2,897.2843,908.2268
2022/12/5,913.2007,904.2477
2022/12/6,902.2582,889.3262
2022/12/7,890.3209,853.5144
2022/12/8,854.5091,873.4098
2022/12/9,920.1641,910.2164
2022/12/12,909.2216,874.4046
2022/12/13,886.3419,860.4778
2022/12/14,872.415,906.2373
2022/12/15,903.253,880.3732
2022/12/16,865.4516,871.4203
2022/12/19,865.4516,880.3732
2022/12/20,874.4046,818.6974
2022/12/21,825.6608,804.7705
2022/12/22,821.6817,809.7444
2022/12/23,791.8385,798.8019
2022/12/26,805.7653,776.9169
2022/12/27,778.9065,775.9222
2022/12/28,761.0006,746.079
2022/12/29,741.1051,764.9797
2022/12/30,778.9065,783.8803
2023/1/3,793.8281,850.5301
2023/1/4,845.5562,874.4046
2023/1/5,883.3575,852.5196
2023/1/6,855.5039,832.6242
2023/1/9,854.5091,849.5353
2023/1/10,854.5091,846.551
2023/1/11,841.5771,828.6451
2023/1/12,828.6451,834.6137
2023/1/13,843.5667,832.6242
2023/1/16,843.5667,857.4935
2023/1/17,855.5039,841.5771
2023/1/30,874.4046,859.483
2023/1/31,856.4987,838.5928
2023/2/1,850.5301,883.3575
2023/2/2,897.2843,921.1589
2023/2/3,926.1327,938.07
2023/2/6,922.1536,928.1223
2023/2/7,933.0961,944.0386
2023/2/8,964.9288,992.7825
2023/2/9,989.7981,999.7459
2023/2/10,994.772,972.887
2023/2/13,984.8243,953.9863
2023/2/14,948.0177,907.2321
2023/2/15,904.2477,915.1902
2023/2/16,932.1014,955.9759
2023/2/17,949.0125,924.1432
2023/2/20,926.1327,922.1536
2023/2/21,934.0909,935.0857
2023/2/22,927.1275,895.2948
2023/2/23,917.1798,952.9916
2023/2/24,974.8766,939.0648
2023/3/1,943.0439,1029.589
2023/3/2,1029.589,999.7459
2023/3/3,1019.6413,962.9393
2023/3/6,984.8243,951.9968
2023/3/7,963.9341,951.9968
2023/3/8,951.002,994.772
2023/3/9,1009.6936,1024.6152
2023/3/10,1004.7197,992.7825
2023/3/13,999.7459,992.7825
2023/3/14,994.772,983.8295
2023/3/15,1014.6674,1019.6413
2023/3/16,1059.4322,1119.1185
2023/3/17,1173.831,1198.7003
2023/3/20,1188.7525,1238.4911
2023/3/21,1243.465,1283.2559
2023/3/22,1308.1252,1298.1775
2023/3/23,1283.2559,1298.1775
2023/3/24,1303.1513,1248.4389
2023/3/27,1248.4389,1253.4127
2023/3/28,1243.465,1208.648
2023/3/29,1223.5696,1203.6741
2023/3/30,1208.648,1173.831
2023/3/31,1193.7264,1233.5173
2023/4/6,1203.6741,1203.6741
2023/4/7,1223.5696,1243.465
2023/4/10,1258.3866,1308.1252
2023/4/11,1367.8115,1337.9683
2023/4/12,1323.0468,1332.9945
2023/4/13,1318.0729,1283.2559
2023/4/14,1303.1513,1352.8899
2023/4/17,1337.9683,1332.9945
2023/4/18,1342.9422,1273.3082
2023/4/19,1293.2036,1288.2297
2023/4/20,1293.2036,1308.1252
2023/4/21,1313.099,1188.7525
2023/4/24,1188.7525,1203.6741
2023/4/25,1203.6741,1129.0662
2023/4/26,1134.0401,1163.8832
2023/4/27,1163.8832,1208.648
2023/4/28,1233.5173,1178.8048
2023/5/2,1193.7264,1253.4127
2023/5/3,1238.4911,1223.5696
2023/5/4,1233.5173,1218.5957
2023/5/5,1243.465,1253.4127
2023/5/8,1268.3343,1253.4127
2023/5/9,1273.3082,1268.3343
2023/5/10,1293.2036,1337.9683
2023/5/11,1342.9422,1298.1775
2023/5/12,1308.1252,1347.9161
2023/5/15,1337.9683,1342.9422
2023/5/16,1367.8115,1402.6285
2023/5/17,1407.6024,1437.4455
2023/5/18,1457.341,1432.4717
2023/5/19,1462.3148,1556.8182
2023/5/22,1566.7659,1517.0273
2023/5/23,1546.8705,1571.7398
2023/5/24,1546.8705,1531.9489
2023/5/25,1606.5568,1551.8443
2023/5/26,1571.7398,1502.1057
2023/5/29,1546.8705,1651.3215
2023/5/30,1671.217,1676.1908
2023/5/31,1671.217,1646.3477
2023/6/1,1621.4784,1691.1124
2023/6/2,1715.9817,1646.3477
2023/6/5,1661.2692,1636.3999
2023/6/6,1621.4784,1611.5306
2023/6/7,1601.5829,1661.2692
2023/6/8,1626.4522,1551.8443
2023/6/9,1606.5568,1576.7136
2023/6/12,1601.5829,1641.3738
2023/6/13,1686.1385,1765.7203
2023/6/14,1740.851,1750.7987
2023/6/15,1780.6419,1790.5896
2023/6/16,1780.6419,1830.3805
2023/6/19,1810.485,1825.4066
2023/6/20,1850.2759,1835.3543
2023/6/21,1835.3543,1800.5373
2023/6/26,1760.7464,1825.4066
2023/6/27,1825.4066,1740.851
2023/6/28,1775.668,1720.9556
2023/6/29,1740.851,1795.5635
2023/6/30,1785.6157,1785.6157
2023/7/3,1820.4328,1880.1191
2023/7/4,1890.0668,1885.0929
2023/7/5,1770.6942,1800.5373
2023/7/6,1770.6942,1870.1714
2023/7/7,1870.1714,1850.2759
2023/7/10,1855.2498,1885.0929
2023/7/11,1904.9884,1830.3805
2023/7/12,1865.1975,1870.1714
2023/7/13,1949.7531,1939.8054
2023/7/14,2004.4656,1969.6486
2023/7/17,1959.7008,1914.9361
2023/7/18,1969.6486,1964.6747
2023/7/19,2009.4394,2118.8644
2023/7/20,2108.9166,2138.7598
2023/7/21,2074.0996,2218.3416
2023/7/24,2223.3154,2198.4461
2023/7/25,2238.237,2198.4461
2023/7/26,2238.237,2143.7337
2023/7/27,2188.4984,2128.8121
2023/7/28,2128.8121,2158.6552
2023/7/31,2093.9951,1979.5963
2023/8/1,2014.4133,1949.7531
2023/8/2,1974.6224,1885.0929
2023/8/4,1880.1191,1845.3021
2023/8/7,1865.1975,2029.3349
2023/8/8,2163.6291,2133.7859
2023/8/9,2103.9428,2059.178
2023/8/10,2034.3087,1855.2498
2023/8/11,1855.2498,1810.485
2023/8/14,1780.6419,1805.5112
2023/8/15,1895.0407,1880.1191
2023/8/16,1855.2498,1895.0407
2023/8/17,1870.1714,1959.7008
2023/8/18,1964.6747,1959.7008
2023/8/21,2153.6814,2153.6814
2023/8/22,2367.5574,2367.5574
2023/8/23,2367.5574,2377.5051
2023/8/24,2536.6686,2481.9561
2023/8/25,2437.1914,2417.296
2023/8/28,2462.0607,2397.4005
2023/8/29,2417.296,2476.9823
2023/8/30,2511.7993,2541.6425
2023/8/31,2516.7732,2457.0868
2023/9/1,2472.0084,2432.2175
2023/9/4,2442.1653,2467.0346
2023/9/5,2486.93,2462.0607
2023/9/6,2481.9561,2486.93
2023/9/7,2475,2450
2023/9/8,2430,2410
2023/9/11,2430,2400
2023/9/12,2440,2530
2023/9/13,2535,2620
2023/9/14,2660,2655
2023/9/15,2680,2645
2023/9/18,2600,2615
2023/9/19,2655,2605
2023/9/20,2620,2450
2023/9/21,2390,2360
2023/9/22,2320,2500
2023/9/25,2500,2625
2023/9/26,2615,2600
2023/9/27,2645,2635
2023/9/28,2670,2690
2023/10/2,2735,2730
2023/10/3,2755,2695
2023/10/4,2660,2690
2023/10/5,2750,2710
2023/10/6,2750,2775
2023/10/11,2835,2770
2023/10/12,2825,2800
2023/10/13,2800,2770
2023/10/16,2750,2745
2023/10/17,2780,2630
2023/10/18,2550,2440
2023/10/19,2405,2600
2023/10/20,2560,2575
2023/10/23,2550,2500
2023/10/24,2540,2570
2023/10/25,2605,2620
2023/10/26,2495,2465
2023/10/27,2515,2610
2023/10/30,2640,2755
2023/10/31,2755,2625
2023/11/1,2690,2680
2023/11/2,2770,2820
2023/11/3,2815,2855
2023/11/6,2910,2955
2023/11/7,2915,3000
2023/11/8,3005,3045
2023/11/9,3030,3240
2023/11/10,3220,3200
2023/11/13,3275,3235
2023/11/14,3290,3285
2023/11/15,3345,3105
2023/11/16,3095,3090
2023/11/17,3110,3230
2023/11/20,3240,3185
2023/11/21,3235,3135
2023/11/22,3085,3170
2023/11/23,3185,3125
2023/11/24,3150,3050
2023/11/27,3070,2950
2023/11/28,2995,3130
2023/11/29,3130,3050
2023/11/30,3130,3110
2023/12/1,3085,3080
2023/12/4,3095,3110
2023/12/5,3090,3240
2023/12/6,3310,3290
2023/12/7,3265,3370
2023/12/8,3440,3335
2023/12/11,3375,3510
2023/12/12,3510,3520
2023/12/13,3540,3650
2023/12/14,3670,3495
2023/12/15,3520,3440
2023/12/18,3435,3360
2023/12/19,3375,3310
2023/12/20,3355,3365
2023/12/21,3330,3340
2023/12/22,3360,3370
2023/12/25,3390,3375
2023/12/26,3400,3420
2023/12/27,3460,3305
2023/12/28,3355,3260
2023/12/29,3275,3275
2024/1/2,3340,3445
2024/1/3,3410,3445
2024/1/4,3465,3365
2024/1/5,3380,3390
2024/1/8,3425,3455
2024/1/9,3500,3590
2024/1/10,3560,3650
2024/1/11,3785,3830
2024/1/12,3805,3735
2024/1/15,3790,3700
2024/1/16,3690,3670
2024/1/17,3620,3565
2024/1/18,3595,3690
2024/1/19,3755,3735
2024/1/22,3780,3815
2024/1/23,3830,3750
2024/1/24,3775,3680
2024/1/25,3715,3720
2024/1/26,3700,3895
2024/1/29,3915,3800
2024/1/30,3830,3835
2024/1/31,3810,3900
2024/2/1,3930,3960
2024/2/2,3995,3985
